{
  "ABIRoot": {
    "kind": "Root",
    "name": "TopLevel",
    "printedName": "TopLevel",
    "children": [
      {
        "kind": "Import",
        "name": "Foundation",
        "printedName": "Foundation",
        "declKind": "Import",
        "moduleName": "FrameworkB",
        "declAttributes": [
          "RawDocComment"
        ]
      },
      {
        "kind": "TypeDecl",
        "name": "SDK",
        "printedName": "SDK",
        "children": [
          {
            "kind": "Var",
            "name": "sharedInstance",
            "printedName": "sharedInstance",
            "children": [
              {
                "kind": "TypeNominal",
                "name": "SDK",
                "printedName": "FrameworkB.SDK",
                "usr": "s:10FrameworkB3SDKC"
              }
            ],
            "declKind": "Var",
            "usr": "s:10FrameworkB3SDKC14sharedInstanceACvpZ",
            "mangledName": "$s10FrameworkB3SDKC14sharedInstanceACvpZ",
            "moduleName": "FrameworkB",
            "static": true,
            "declAttributes": [
              "HasInitialValue",
              "Final",
              "HasStorage",
              "AccessControl"
            ],
            "isLet": true,
            "hasStorage": true,
            "accessors": [
              {
                "kind": "Accessor",
                "name": "Get",
                "printedName": "Get()",
                "children": [
                  {
                    "kind": "TypeNominal",
                    "name": "SDK",
                    "printedName": "FrameworkB.SDK",
                    "usr": "s:10FrameworkB3SDKC"
                  }
                ],
                "declKind": "Accessor",
                "usr": "s:10FrameworkB3SDKC14sharedInstanceACvgZ",
                "mangledName": "$s10FrameworkB3SDKC14sharedInstanceACvgZ",
                "moduleName": "FrameworkB",
                "static": true,
                "implicit": true,
                "declAttributes": [
                  "Final"
                ],
                "accessorKind": "get"
              }
            ]
          },
          {
            "kind": "Function",
            "name": "greet",
            "printedName": "greet()",
            "children": [
              {
                "kind": "TypeNominal",
                "name": "Void",
                "printedName": "()"
              }
            ],
            "declKind": "Func",
            "usr": "s:10FrameworkB3SDKC5greetyyF",
            "mangledName": "$s10FrameworkB3SDKC5greetyyF",
            "moduleName": "FrameworkB",
            "declAttributes": [
              "AccessControl"
            ],
            "funcSelfKind": "NonMutating"
          }
        ],
        "declKind": "Class",
        "usr": "s:10FrameworkB3SDKC",
        "mangledName": "$s10FrameworkB3SDKC",
        "moduleName": "FrameworkB",
        "declAttributes": [
          "AccessControl"
        ],
        "hasMissingDesignatedInitializers": true
      }
    ],
    "json_format_version": 8
  },
  "ConstValues": [
    {
      "filePath": "\/Users\/christophergrantham\/Developer\/Workspaces\/FrameworkTest\/FrameworkB\/FrameworkB\/Sources\/SDK.swift",
      "kind": "StringLiteral",
      "offset": 222,
      "length": 15,
      "value": "\"Hello, World!\""
    }
  ]
}